<?xml version="1.0"?>
<GenericProfileOfxvidSettings xmlns:xsi="http://www.w3.org/2001/XMLSchema-instance" xmlns:xsd="http://www.w3.org/2001/XMLSchema">
  <Name>2pass Balanced (HomeTheatre)</Name>
  <Settings>
    <EncodingMode>4</EncodingMode>
    <BitrateQuantizer>1000</BitrateQuantizer>
    <KeyframeInterval>250</KeyframeInterval>
    <NbBframes>1</NbBframes>
    <MinQuantizer>1</MinQuantizer>
    <MaxQuantizer>31</MaxQuantizer>
    <V4MV>false</V4MV>
    <QPel>false</QPel>
    <Trellis>true</Trellis>
    <CreditsQuantizer>15</CreditsQuantizer>
    <FourCCs>
      <string>XVID</string>
      <string>DIVX</string>
      <string>DX50</string>
      <string>MP4V</string>
    </FourCCs>
    <Logfile>.stats</Logfile>
    <VideoName />
    <CustomEncoderOptions />
    <FourCC>2</FourCC>
    <MaxNumberOfPasses>2</MaxNumberOfPasses>
    <NbThreads>1</NbThreads>
    <Quantizer>1000</Quantizer>
    <Turbo>true</Turbo>
    <MotionSearchPrecision>6</MotionSearchPrecision>
    <VHQMode>1</VHQMode>
    <MinPQuant>1</MinPQuant>
    <MaxPQuant>31</MaxPQuant>
    <MinBQuant>1</MinBQuant>
    <MaxBQuant>31</MaxBQuant>
    <BQuantRatio>162</BQuantRatio>
    <BQuantOffset>0</BQuantOffset>
    <KeyFrameBoost>100</KeyFrameBoost>
    <KeyframeThreshold>1</KeyframeThreshold>
    <KeyframeReduction>20</KeyframeReduction>
    <OverflowControlStrength>10</OverflowControlStrength>
    <MaxOverflowImprovement>10</MaxOverflowImprovement>
    <MaxOverflowDegradation>10</MaxOverflowDegradation>
    <HighBitrateDegradation>30</HighBitrateDegradation>
    <LowBitrateImprovement>15</LowBitrateImprovement>
    <ReactionDelayFactor>16</ReactionDelayFactor>
    <AveragingPeriod>100</AveragingPeriod>
    <FrameDropRatio>0</FrameDropRatio>
    <RateControlBuffer>0</RateControlBuffer>
    <XvidProfile>1</XvidProfile>
    <VbvPeakRate>0</VbvPeakRate>
    <VbvMaxRate>0</VbvMaxRate>
    <VbvBuffer>0</VbvBuffer>
    <PackedBitstream>true</PackedBitstream>
    <GMC>false</GMC>
    <ChromaMotion>true</ChromaMotion>
    <ClosedGOP>true</ClosedGOP>
    <VHQForBframes>true</VHQForBframes>
    <Interlaced>false</Interlaced>
    <BottomFieldFirst>true</BottomFieldFirst>
    <BframeThreshold>0</BframeThreshold>
    <QuantizerMatrix>H.263</QuantizerMatrix>
    <HVSMasking>1</HVSMasking>
  </Settings>
</GenericProfileOfxvidSettings>