<?xml version="1.0"?>
<GenericProfileOfOneClickSettings xmlns:xsi="http://www.w3.org/2001/XMLSchema-instance" xmlns:xsd="http://www.w3.org/2001/XMLSchema">
  <Name>*scratchpad*</Name>
  <Settings>
    <VideoProfileName />
    <AudioProfileName />
    <AvsProfileName />
    <PrerenderVideo>false</PrerenderVideo>
    <AudioEncodingModeString>Always</AudioEncodingModeString>
    <DontEncodeVideo>false</DontEncodeVideo>
    <SignalAR>false</SignalAR>
    <AutomaticDeinterlacing>true</AutomaticDeinterlacing>
    <AutoCrop>true</AutoCrop>
    <KeepInputResolution>false</KeepInputResolution>
    <OutputResolution>640</OutputResolution>
    <Filesize xsi:nil="true" />
    <SplitSize xsi:nil="true" />
    <ContainerCandidates />
    <UseChaptersMarks>false</UseChaptersMarks>
  </Settings>
</GenericProfileOfOneClickSettings>