<?xml version="1.0"?>
<GenericProfileOfAviSynthSettings xmlns:xsi="http://www.w3.org/2001/XMLSchema-instance" xmlns:xsd="http://www.w3.org/2001/XMLSchema">
  <Name>*scratchpad*</Name>
  <Settings>
    <Mod16Method>none</Mod16Method>
    <Resize>false</Resize>
    <Template>&lt;input&gt;
&lt;deinterlace&gt;
&lt;crop&gt;
&lt;resize&gt;
&lt;denoise&gt;
</Template>
    <ResizeMethod>Lanczos</ResizeMethod>
    <DenoiseMethod>MinimalNoise</DenoiseMethod>
    <Deinterlace>false</Deinterlace>
    <Denoise>false</Denoise>
    <IVTC>false</IVTC>
    <MPEG2Deblock>false</MPEG2Deblock>
    <ColourCorrect>true</ColourCorrect>
    <DSS2>false</DSS2>
  </Settings>
</GenericProfileOfAviSynthSettings>